<?xml version="1.0" encoding="utf-8" standalone="no"?>
<problem revision="5" short-name="binary-search" url="https://polygon.codeforces.com/p6hriLP/moosy/binary-search">
    <names>
        <name language="chinese" value="喷射战士3"/>
    </names>
    <statements>
        <statement charset="UTF-8" language="chinese" mathjax="true" path="statements/chinese/problem.tex" type="application/x-tex"/>
        <statement charset="UTF-8" language="chinese" mathjax="true" path="statements/.html/chinese/problem.html" type="text/html"/>
    </statements>
    <tutorials>
        <tutorial charset="UTF-8" language="chinese" mathjax="true" path="statements/chinese/tutorial.tex" type="application/x-tex"/>
        <tutorial charset="UTF-8" language="chinese" mathjax="true" path="statements/.html/chinese/tutorial.html" type="text/html"/>
    </tutorials>
    <judging cpu-name="Intel(R) Core(TM) i3-8100 CPU @ 3.60GHz" cpu-speed="3600" input-file="" output-file="" run-count="1">
        <testset name="tests">
            <time-limit>1000</time-limit>
            <memory-limit>268435456</memory-limit>
            <test-count>4</test-count>
            <input-path-pattern>tests/%02d</input-path-pattern>
            <answer-path-pattern>tests/%02d.a</answer-path-pattern>
            <tests>
                <test method="manual" sample="true"/>
                <test method="manual"/>
                <test cmd="gen1" method="generated"/>
                <test cmd="gen2" method="generated"/>
            </tests>
        </testset>
    </judging>
    <files>
        <resources>
            <file path="files/olymp.sty"/>
            <file path="files/problem.tex"/>
            <file path="files/statements.ftl"/>
            <file path="files/testlib.h" type="h.g++"/>
            <file path="files/tutorial.tex"/>
        </resources>
        <executables>
            <executable>
                <source path="files/gen1.cpp" type="cpp.gcc13-64-winlibs-g++20"/>
                <binary path="files/gen1.exe" type="exe.win32"/>
            </executable>
            <executable>
                <source path="files/gen2.cpp" type="cpp.gcc13-64-winlibs-g++20"/>
                <binary path="files/gen2.exe" type="exe.win32"/>
            </executable>
            <executable>
                <source path="files/validator.cpp" type="cpp.gcc13-64-winlibs-g++20"/>
                <binary path="files/validator.exe" type="exe.win32"/>
            </executable>
        </executables>
    </files>
    <assets>
        <checker name="std::lcmp.cpp" type="testlib">
            <source path="files/check.cpp" type="cpp.g++14"/>
            <binary path="check.exe" type="exe.win32"/>
            <copy path="check.cpp"/>
            <testset>
                <test-count>0</test-count>
                <input-path-pattern>files/tests/checker-tests/%02d</input-path-pattern>
                <output-path-pattern>files/tests/checker-tests/%02d.o</output-path-pattern>
                <answer-path-pattern>files/tests/checker-tests/%02d.a</answer-path-pattern>
                <tests/>
            </testset>
        </checker>
        <validators>
            <validator>
                <source path="files/validator.cpp" type="cpp.gcc13-64-winlibs-g++20"/>
                <binary path="files/validator.exe" type="exe.win32"/>
                <testset>
                    <test-count>0</test-count>
                    <input-path-pattern>files/tests/validator-tests/%02d</input-path-pattern>
                    <tests/>
                </testset>
            </validator>
        </validators>
        <solutions>
            <solution tag="main">
                <source path="solutions/std.cpp" type="cpp.gcc13-64-winlibs-g++20"/>
                <binary path="solutions/std.exe" type="exe.win32"/>
            </solution>
        </solutions>
    </assets>
    <properties>
        <property name="tests-wellformed" value="true"/>
    </properties>
    <stresses>
        <stress-count>0</stress-count>
        <stress-path-pattern>stresses/%03d</stress-path-pattern>
        <list/>
    </stresses>
    <tags>
        <tag value="binary search"/>
    </tags>
</problem>
